{
  "project_info": {
    "project_number": "180333382984",
    "project_id": "mirrortracking",
    "storage_bucket": "mirrortracking.appspot.com"
  },
  "client": [
    {
      "client_info": {
        "mobilesdk_app_id": "1:180333382984:android:91858f240e067a35c5b77d",
        "android_client_info": {
          "package_name": "com.ArgonTech.SMTracking"
        }
      },
      "oauth_client": [
        {
          "client_id": "180333382984-ek5ion6igi4s62krr1jtmdd0ps38i2f1.apps.googleusercontent.com",
          "client_type": 3
        }
      ],
      "api_key": [
        {
          "current_key": "AIzaSyAQMiam5xs0w3TqbmX_MidFnpXCceuT5UQ"
        }
      ],
      "services": {
        "appinvite_service": {
          "other_platform_oauth_client": [
            {
              "client_id": "180333382984-ek5ion6igi4s62krr1jtmdd0ps38i2f1.apps.googleusercontent.com",
              "client_type": 3
            }
          ]
        }
      }
    },
    {
      "client_info": {
        "mobilesdk_app_id": "1:180333382984:android:7eb723a632c86a5cc5b77d",
        "android_client_info": {
          "package_name": "com.ArgonTech.SmartMirrorMobile"
        }
      },
      "oauth_client": [
        {
          "client_id": "180333382984-ek5ion6igi4s62krr1jtmdd0ps38i2f1.apps.googleusercontent.com",
          "client_type": 3
        }
      ],
      "api_key": [
        {
          "current_key": "AIzaSyAQMiam5xs0w3TqbmX_MidFnpXCceuT5UQ"
        }
      ],
      "services": {
        "appinvite_service": {
          "other_platform_oauth_client": [
            {
              "client_id": "180333382984-ek5ion6igi4s62krr1jtmdd0ps38i2f1.apps.googleusercontent.com",
              "client_type": 3
            }
          ]
        }
      }
    }
  ],
  "configuration_version": "1"
}